<?xml version="1.0" encoding="UTF-8"?>
<!DOCTYPE mapper PUBLIC "-//mybatis.org//DTD Mapper 3.0//EN" "http://mybatis.org/dtd/mybatis-3-mapper.dtd">
<mapper namespace="cn.medsci.pass.admin.mapper.HostContractMapper">

    <!-- 通用查询映射结果 -->
    <resultMap id="BaseResultMap" type="cn.medsci.pass.admin.entity.HostContract">
        <result column="id" property="id" />
        <result column="tenant_id" property="tenantId" />
        <result column="start_date" property="startDate" />
        <result column="end_date" property="endDate" />
        <result column="effect_date" property="effectDate" />
        <result column="serial_number" property="serialNumber" />
        <result column="crt_time" property="crtTime" />
        <result column="crt_name" property="crtName" />
        <result column="upd_time" property="updTime" />
        <result column="upd_name" property="updName" />
    </resultMap>

</mapper>
