<?xml version="1.0" encoding="UTF-8"?>
<!DOCTYPE mapper PUBLIC "-//mybatis.org//DTD Mapper 3.0//EN" "http://mybatis.org/dtd/mybatis-3-mapper.dtd">
<mapper namespace="cn.medsci.pass.admin.mapper.HostProductMapper">

    <!-- 通用查询映射结果 -->
    <resultMap id="BaseResultMap" type="cn.medsci.pass.admin.entity.HostProduct">
        <id column="id" property="id" />
        <result column="name" property="name" />
        <result column="version" property="version" />
        <result column="roles" property="roles" />
        <result column="crt_time" property="crtTime" />
        <result column="crt_name" property="crtName" />
        <result column="upd_time" property="updTime" />
        <result column="upd_name" property="updName" />
    </resultMap>

</mapper>
