<?xml version="1.0" encoding="UTF-8"?>
<!DOCTYPE mapper PUBLIC "-//mybatis.org//DTD Mapper 3.0//EN" "http://mybatis.org/dtd/mybatis-3-mapper.dtd">
<mapper namespace="cn.medsci.pass.admin.mapper.HostProjectMapper">

    <!-- 通用查询映射结果 -->
    <resultMap id="BaseResultMap" type="cn.medsci.pass.admin.entity.HostProject">
        <result column="id" property="id" />
        <result column="product_id" property="productId" />
        <result column="product_version" property="productVersion" />
        <result column="max_user_num" property="maxUserNum" />
        <result column="start_date" property="startDate" />
        <result column="end_date" property="endDate" />
        <result column="url" property="url" />
        <result column="status" property="status" />
        <result column="productId" property="productId" />
        <result column="crt_time" property="crtTime" />
        <result column="crt_name" property="crtName" />
        <result column="upd_time" property="updTime" />
        <result column="upd_name" property="updName" />
    </resultMap>

</mapper>
