<?xml version="1.0" encoding="UTF-8"?>
<!DOCTYPE mapper PUBLIC "-//mybatis.org//DTD Mapper 3.0//EN" "http://mybatis.org/dtd/mybatis-3-mapper.dtd">
<mapper namespace="cn.medsci.pass.admin.mapper.SaasTenantMapper">

    <!-- 通用查询映射结果 -->
    <resultMap id="BaseResultMap" type="cn.medsci.pass.admin.entity.SaasTenant">
        <result column="id" property="id" />
        <result column="name" property="name" />
        <result column="code" property="code" />
        <result column="country" property="country" />
        <result column="city" property="city" />
        <result column="address" property="address" />
        <result column="zipcode" property="zipcode" />
        <result column="domain_name" property="domainName" />
        <result column="tenant_type" property="tenantType" />
        <result column="crt_time" property="crtTime" />
        <result column="crt_name" property="crtName" />
        <result column="upd_time" property="updTime" />
        <result column="upd_name" property="updName" />
        <result column="short_name" property="shortName" />
        <result column="logo_fileId" property="logoFileid" />
        <result column="report_Mark" property="reportMark" />
    </resultMap>
    <select id="GetTenantPage" resultType="cn.medsci.pass.admin.entity.SaasTenant">


    </select>




    <select id="GetTenantPageLikeKey" resultType="cn.medsci.pass.admin.entity.SaasTenant">






    </select>

    <!--<select id="getTenant" resultType="cn.medsci.pass.admin.entity.SaasTenant">-->
        <!--SELECT * FROM saas_tenant-->
        <!--WHERE  id =  #{id}-->
    <!--</select>-->


</mapper>
