<?xml version="1.0" encoding="UTF-8"?>
<!DOCTYPE mapper PUBLIC "-//mybatis.org//DTD Mapper 3.0//EN" "http://mybatis.org/dtd/mybatis-3-mapper.dtd">
<mapper namespace="cn.medsci.pass.admin.mapper.SaasProjectUserMapper">

    <!-- 通用查询映射结果 -->
    <resultMap id="BaseResultMap" type="cn.medsci.pass.admin.entity.SaasProjectUser">
        <result column="id" property="id" />
        <result column="sass_project_id" property="sassProjectId" />
        <result column="sass_user_id" property="sassUserId" />
        <result column="crt_time" property="crtTime" />
        <result column="crt_name" property="crtName" />
        <result column="upd_time" property="updTime" />
        <result column="upd_name" property="updName" />
    </resultMap>

    <select id="GetProjectUserPage" resultType="cn.medsci.pass.admin.entity.SaasUser">
        SELECT saas_user.`id`, saas_user.`email`, saas_user.`description`,
        saas_user.`crt_time`, saas_user.`mobile_phone`, saas_user.`real_name`,saas_user.user_name,
        saas_user.`sex`,saas_user.`upd_time`, saas_user.user_status
        FROM saas_project_user
        INNER JOIN saas_user ON saas_project_user.`sass_user_id`= saas_user.`id`
        WHERE saas_project_user.`sass_project_id`= #{user.projectId}
        <if test="user.userName != null and user.userName != ''">
            AND saas_user.user_name LIKE CONCAT(CONCAT('%',#{user.userName},'%'))
        </if>
        <if test="user.realName != null and user.realName != ''">
            AND saas_user.real_name LIKE CONCAT(CONCAT('%',#{user.realName},'%'))
        </if>
    </select>


    <select id="GetUsersPage" resultType="cn.medsci.pass.admin.entity.SaasUser">
        SELECT saas_user.`id`, saas_user.`email`, saas_user.`description`,
        saas_user.`crt_time`, saas_user.`mobile_phone`, saas_user.`real_name`,saas_user.user_name,
        saas_user.`sex`, saas_user.`upd_time`, saas_user.user_status
        FROM saas_project_user
        INNER JOIN saas_user ON saas_project_user.`sass_user_id`= saas_user.`id`
        WHERE saas_project_user.`sass_project_id`=#{user.projectId}
        <if test="user.userName != null and user.userName != ''">
            AND saas_user.user_name LIKE CONCAT(CONCAT('%',#{user.userName},'%'))
        </if>
        <if test="user.phoneNo != null and user.phoneNo != ''">
            AND saas_user.mobile_phone LIKE CONCAT(CONCAT('%',#{user.phoneNo},'%'))
        </if>
        <if test="user.email != null and user.email != ''">
            AND saas_user.email LIKE CONCAT(CONCAT('%',#{user.email},'%'))
        </if>
    </select>


    <select id="GetUsersByIdsPage" resultType="cn.medsci.pass.admin.entity.SaasUser">
        SELECT saas_user.`id`, saas_user.`email`, saas_user.`description`,
        saas_user.`crt_time`, saas_user.`mobile_phone`, saas_user.`real_name`,saas_user.user_name,
        saas_user.`sex`, saas_user.`upd_time`, saas_user.user_status
        FROM saas_project_user
        INNER JOIN saas_user ON saas_project_user.`sass_user_id`= saas_user.`id`
        WHERE saas_project_user.`sass_project_id`= #{user.projectId}
        <if test="user.userIds != null and user.userIds.size != 0">
            AND saas_user.Id IN
            <foreach collection="user.userIds" item="userId" index="index"
                     open="(" close=")" separator=",">
                #{userId}
            </foreach>
        </if>
    </select>

	<delete id="deleteByProjectId" parameterType="java.lang.String">
		DELETE FROM saas_project_user WHERE saas_project_id = #{projectId}
	</delete>

</mapper>
