<?xml version="1.0" encoding="UTF-8"?>
<!DOCTYPE mapper PUBLIC "-//mybatis.org//DTD Mapper 3.0//EN" "http://mybatis.org/dtd/mybatis-3-mapper.dtd">
<mapper namespace="cn.medsci.pass.admin.mapper.SaasProjectMapper">

    <!-- 通用查询映射结果 -->
    <resultMap id="BaseResultMap" type="cn.medsci.pass.admin.entity.SaasProject">
        <id column="id" property="id" />
        <result column="tenant_id" property="tenantId" />
        <result column="host_projectid" property="hostProjectid" />
        <result column="code" property="code" />
        <result column="name" property="name" />
        <result column="upd_name" property="updName" />
        <result column="crt_time" property="crtTime" />
        <result column="crt_name" property="crtName" />
        <result column="upd_time" property="updTime" />
    </resultMap>
	
	<select id="getProjectPage" resultType="cn.medsci.pass.admin.dto.ProjectDto">
	SELECT sp.id,sp.code,sp.name,st.`name` as tenantName,hp.`name` as hostProjectName
	FROM saas_project sp
	LEFT JOIN saas_tenant st ON sp.tenant_id = st.id
	LEFT JOIN host_product hp ON hp.id = sp.host_projectid
	WHERE 1 = 1
	<if test="key != null and key != ''">
		AND (sp.code LIKE CONCAT('%',#{key},'%')
		OR sp.name LIKE
		CONCAT('%',#{key},'%'))
	</if>
	</select>
</mapper>
