<?xml version="1.0" encoding="UTF-8"?>
<!DOCTYPE mapper PUBLIC "-//mybatis.org//DTD Mapper 3.0//EN" "http://mybatis.org/dtd/mybatis-3-mapper.dtd">
<mapper namespace="cn.medsci.pass.admin.mapper.SaasUserMapper">

    <!-- 通用查询映射结果 -->
    <resultMap id="BaseResultMap" type="cn.medsci.pass.admin.entity.SaasUser">
        <id column="id" property="id" />
        <result column="tenant_id" property="tenantId" />
        <result column="user_name" property="userName" />
        <result column="real_name" property="realName" />
        <result column="password" property="password" />
        <result column="mobile_phone" property="mobilePhone" />
        <result column="email" property="email" />
        <result column="sex" property="sex" />
        <result column="user_status" property="userStatus" />
        <result column="description" property="description" />
        <result column="crt_time" property="crtTime" />
        <result column="crt_name" property="crtName" />
        <result column="upd_time" property="updTime" />
        <result column="upd_name" property="updName" />
    </resultMap>
</mapper>
